<?xml version="1.0" encoding="UTF-8"?>
<Configuration status="WARN">
    <Appenders>
        <Console name="console" target="SYSTEM_OUT">
            <PatternLayout pattern="%d{HH:mm:ss.ms} %-5p [%c{2}] %m%n"/>
        </Console>
        <RollingFile name="rollingFile" fileName="log/app.log"
                     filePattern="log/app-%d{MM-dd-yyyy}.log.gz"
                     ignoreExceptions="false">
            <PatternLayout>
                <Pattern>%d{yyyy-MMM-dd HH:mm:ss.ms} %-5p [%c] - %m%n</Pattern>
            </PatternLayout>
            <TimeBasedTriggeringPolicy />
        </RollingFile>
    </Appenders>
    <Loggers>
        <Root level="debug">
            <AppenderRef ref="console"/>
            <AppenderRef ref="rollingFile"/>
        </Root>
    </Loggers>
</Configuration>